train_loss,train_acc,val_loss,val_acc
5.324863180796306,1.5083333333333333,5.178189327706608,2.4266402901417736
